{
  "total_samples": 576,
  "categories_count": 17,
  "accuracy_scores": {
    "rf": 0.7844827586206896,
    "svm": 0.7327586206896551,
    "lr": 0.8879310344827587,
    "nb": 0.8879310344827587,
    "gb": 0.853448275862069,
    "sgd": 0.8879310344827587,
    "ensemble": 0.9137931034482759
  },
  "last_training_time": "2025-07-30T14:32:26.696703"
}