{
  "total_samples": 587,
  "categories_count": 17,
  "accuracy_scores": {
    "rf": 0.7372881355932204,
    "svm": 0.6440677966101694,
    "lr": 0.8305084745762712,
    "nb": 0.8559322033898306,
    "gb": 0.7966101694915254,
    "sgd": 0.8389830508474576,
    "ensemble": 0.847457627118644
  },
  "last_training_time": "2025-07-30T14:24:57.737907"
}